,RMSE,MAE,MAPE
SARIMA,21.621183197032508,16.673011167287864,3.7620661991004836
Random Forest,36.051496938150585,26.027777777777775,5.200106469106493
